,City_ID,City,Country,Date,Lat,Lng,Max Temp,Humidity,Cloudiness,Wind Speed,Weather description,Rain,Snow
0,0,Salalah,OM,2020-02-24 08:01:40,17.02,54.09,80.6,57,10,3.36,clear sky,0.0,0.0
1,1,Pangnirtung,CA,2020-02-24 08:01:40,66.15,-65.71,-30.26,97,100,2.17,overcast clouds,0.0,0.0
2,2,Bluff,NZ,2020-02-24 08:01:40,-46.6,168.33,63.0,62,100,4.0,overcast clouds,0.0,0.0
3,3,Bambous Virieux,MU,2020-02-24 08:01:41,-20.34,57.76,86.0,66,40,5.82,scattered clouds,0.0,0.0
4,4,Grand Gaube,MU,2020-02-24 08:01:41,-20.01,57.66,86.0,66,40,5.82,scattered clouds,0.0,0.0
5,5,Punta Arenas,CL,2020-02-24 08:00:00,-53.15,-70.92,46.4,65,40,27.51,scattered clouds,0.0,0.0
6,6,Dikson,RU,2020-02-24 08:01:41,73.51,80.55,25.38,90,100,28.39,light snow,0.0,0.13
7,7,Mataura,NZ,2020-02-24 08:01:41,-46.19,168.86,63.0,62,100,4.0,overcast clouds,0.0,0.0
8,8,Port Elizabeth,ZA,2020-02-24 08:00:10,-33.92,25.57,68.0,56,0,4.7,clear sky,0.0,0.0
9,9,Yellowknife,CA,2020-02-24 08:00:34,62.46,-114.35,-14.01,75,5,6.93,clear sky,0.0,0.0
10,10,Puerto Ayora,EC,2020-02-24 08:01:42,-0.74,-90.35,77.0,100,74,1.01,broken clouds,0.0,0.0
11,11,Irmo,US,2020-02-24 07:59:38,34.09,-81.18,50.0,46,90,3.36,overcast clouds,0.0,0.0
12,12,Egvekinot,RU,2020-02-24 08:01:42,66.32,-179.17,-23.8,90,0,2.21,clear sky,0.0,0.0
13,13,Georgetown,MY,2020-02-24 07:58:37,5.41,100.34,93.2,52,20,12.75,few clouds,0.0,0.0
14,14,Port Alfred,ZA,2020-02-24 08:01:43,-33.59,26.89,68.0,80,0,3.0,clear sky,0.0,0.0
15,15,Santa Maria,BR,2020-02-24 08:01:43,-29.68,-53.81,59.85,85,0,5.48,clear sky,0.0,0.0
16,16,Nikolskoye,RU,2020-02-24 08:01:43,59.7,30.79,37.0,83,90,13.42,overcast clouds,0.0,0.0
17,17,Bredasdorp,ZA,2020-02-24 08:01:43,-34.53,20.04,71.01,60,40,11.41,scattered clouds,0.0,0.0
18,18,Sungaipenuh,ID,2020-02-24 08:01:44,-2.08,101.38,74.46,73,68,4.18,light rain,1.5,0.0
19,19,Warrington,GB,2020-02-24 08:01:44,53.39,-2.58,48.0,100,90,18.34,moderate rain,0.0,0.0
20,20,Sitka,US,2020-02-24 08:01:44,57.05,-135.33,30.2,86,75,5.82,light snow,0.0,0.0
21,21,Hilo,US,2020-02-24 08:01:44,19.73,-155.09,71.6,78,20,3.36,few clouds,0.0,0.0
22,22,Muskogee,US,2020-02-24 08:01:45,35.58,-95.33,57.2,93,90,8.05,light rain,0.0,0.0
23,23,Iranshahr,IR,2020-02-24 08:01:45,27.2,60.68,73.4,49,0,5.17,clear sky,0.0,0.0
24,24,Lodwar,KE,2020-02-24 08:01:45,3.12,35.6,96.89,16,97,22.21,overcast clouds,0.0,0.0
25,25,Esperance,AU,2020-02-24 08:01:45,-33.87,121.9,75.2,64,43,21.92,scattered clouds,0.0,0.0
26,26,Mattawa,US,2020-02-24 08:01:45,46.74,-119.9,46.4,60,1,12.75,clear sky,0.0,0.0
27,27,Hofn,IS,2020-02-24 08:01:46,64.25,-15.21,40.42,71,100,26.44,light snow,0.0,1.25
28,28,Thompson,CA,2020-02-24 07:58:52,55.74,-97.86,5.0,84,90,9.17,light snow,0.0,0.0
29,29,Juneau,US,2020-02-24 08:00:01,58.3,-134.42,34.0,92,90,3.96,overcast clouds,0.0,0.0
30,30,Pagudpud,PH,2020-02-24 08:01:46,18.56,120.79,86.0,66,40,11.41,scattered clouds,0.0,0.0
31,31,Talnakh,RU,2020-02-24 08:01:47,69.49,88.4,17.6,92,75,33.55,broken clouds,0.0,0.0
32,32,Villafranca De Los Barros,ES,2020-02-24 08:01:47,38.56,-6.34,51.01,93,0,2.24,clear sky,0.0,0.0
33,33,Pevek,RU,2020-02-24 08:01:47,69.7,170.31,-21.35,93,0,8.01,clear sky,0.0,0.0
34,34,Mar Del Plata,AR,2020-02-24 07:57:54,-38.0,-57.56,64.0,93,20,9.17,few clouds,0.0,0.0
35,35,Hampton,US,2020-02-24 07:57:39,37.03,-76.35,46.4,70,1,7.52,clear sky,0.0,0.0
36,36,Camargo,MX,2020-02-24 08:01:48,27.67,-105.17,60.6,43,100,9.35,overcast clouds,0.0,0.0
37,37,Comodoro Rivadavia,AR,2020-02-24 07:58:25,-45.87,-67.5,62.6,42,100,13.87,overcast clouds,0.0,0.0
38,38,Kahului,US,2020-02-24 08:01:48,20.89,-156.47,73.4,78,20,8.05,few clouds,0.0,0.0
39,39,Yulara,AU,2020-02-24 08:01:48,-25.24,130.99,100.4,8,0,13.87,clear sky,0.0,0.0
40,40,Hamilton,US,2020-02-24 08:00:29,39.18,-84.53,43.0,80,1,4.34,clear sky,0.0,0.0
41,41,East London,ZA,2020-02-24 08:01:49,-33.02,27.91,69.8,56,0,3.36,clear sky,0.0,0.0
42,42,Erzin,TR,2020-02-24 08:01:49,36.96,36.2,57.2,62,75,9.17,broken clouds,0.0,0.0
43,43,Lorengau,PG,2020-02-24 08:01:49,-2.02,147.27,84.85,71,9,7.49,clear sky,0.0,0.0
44,44,Vaini,TO,2020-02-24 08:01:49,-21.2,-175.2,78.8,94,20,3.36,few clouds,0.0,0.0
45,45,Tortoli,IT,2020-02-24 08:01:49,39.93,9.66,73.99,62,5,9.17,clear sky,0.0,0.0
46,46,Cherskiy,RU,2020-02-24 08:01:50,68.75,161.3,-26.64,89,15,3.69,few clouds,0.0,0.0
47,47,Ushuaia,AR,2020-02-24 08:01:50,-54.8,-68.3,42.8,70,75,19.46,light intensity drizzle,0.0,0.0
48,48,Kapaa,US,2020-02-24 08:01:50,22.08,-159.32,73.4,73,40,3.36,scattered clouds,0.0,0.0
49,49,Busselton,AU,2020-02-24 08:01:50,-33.65,115.33,73.0,72,100,5.01,overcast clouds,0.0,0.0
50,50,Waddan,LY,2020-02-24 08:01:50,29.16,16.14,54.25,54,0,8.63,clear sky,0.0,0.0
51,51,Qaanaaq,GL,2020-02-24 08:01:51,77.48,-69.36,-14.13,49,0,5.39,clear sky,0.0,0.0
52,52,Ribeira Grande,PT,2020-02-24 08:01:51,38.52,-28.7,57.2,82,40,8.05,scattered clouds,0.0,0.0
53,53,Butaritari,KI,2020-02-24 08:01:51,3.07,172.79,83.95,81,100,27.69,heavy intensity rain,12.19,0.0
54,54,Sakhnovshchyna,UA,2020-02-24 08:01:52,49.15,35.87,39.63,94,100,18.95,light rain,1.69,0.0
55,55,Kuzhener,RU,2020-02-24 08:01:52,56.81,48.91,32.23,91,83,13.24,broken clouds,0.0,0.0
56,56,Castro,BR,2020-02-24 08:01:10,-24.79,-50.01,56.34,95,98,5.79,overcast clouds,0.0,0.0
57,57,Clyde River,CA,2020-02-24 08:01:52,70.47,-68.59,-14.8,75,90,18.34,light snow,0.0,0.0
58,58,Cape Town,ZA,2020-02-24 07:58:27,-33.93,18.42,75.99,49,0,11.41,clear sky,0.0,0.0
59,59,Hermanus,ZA,2020-02-24 08:01:53,-34.42,19.23,75.0,62,0,11.99,clear sky,0.0,0.0
60,60,Rikitea,PF,2020-02-24 08:01:53,-23.12,-134.97,79.21,72,0,7.92,light rain,0.44,0.0
61,61,Jamestown,US,2020-02-24 08:01:53,42.1,-79.24,44.6,44,1,12.75,clear sky,0.0,0.0
62,62,Kearney,US,2020-02-24 08:01:53,40.7,-99.08,35.6,80,90,8.05,overcast clouds,0.0,0.0
63,63,Dovolnoye,RU,2020-02-24 08:01:54,54.5,79.67,22.12,90,96,1.95,overcast clouds,0.0,0.0
64,64,Byron Bay,AU,2020-02-24 07:59:29,-28.65,153.62,73.99,88,90,10.29,overcast clouds,0.0,0.0
65,65,Ranong,TH,2020-02-24 08:01:54,9.97,98.63,91.4,52,20,21.92,few clouds,0.0,0.0
66,66,Asau,RO,2020-02-24 08:01:54,46.43,26.4,54.0,58,40,18.34,scattered clouds,0.0,0.0
67,67,Svetlyy,RU,2020-02-24 08:01:54,54.67,20.13,41.0,80,75,20.13,broken clouds,0.0,0.0
68,68,Albany,US,2020-02-24 08:01:55,42.6,-73.97,32.0,85,40,4.7,scattered clouds,0.0,0.0
69,69,Alappuzha,IN,2020-02-24 08:01:55,9.49,76.33,93.43,42,9,11.61,clear sky,0.0,0.0
70,70,Bengkulu,ID,2020-02-24 08:01:55,-3.8,102.27,85.5,74,55,5.84,light rain,0.5,0.0
71,71,Sao Joao Da Barra,BR,2020-02-24 08:00:58,-21.64,-41.05,71.11,81,82,5.84,broken clouds,0.0,0.0
72,72,Catamarca,AR,2020-02-24 08:01:56,-28.47,-65.79,54.0,94,0,1.21,clear sky,0.0,0.0
73,73,Longhua,CN,2020-02-24 08:01:56,23.61,114.19,73.26,64,82,4.18,broken clouds,0.0,0.0
74,74,Rodrigues Alves,BR,2020-02-24 08:01:56,-7.74,-72.65,69.73,95,100,1.32,overcast clouds,0.0,0.0
75,75,Manthani,IN,2020-02-24 08:01:56,18.65,79.67,94.08,26,0,10.02,clear sky,0.0,0.0
76,76,Saint George,US,2020-02-24 07:59:49,37.1,-113.58,46.4,65,0,4.32,clear sky,0.0,0.0
77,77,Buala,SB,2020-02-24 08:01:57,-8.14,159.59,82.02,79,18,2.75,light rain,0.44,0.0
78,78,Cedar City,US,2020-02-24 08:00:25,37.68,-113.06,33.8,74,1,9.17,clear sky,0.0,0.0
79,79,Weligama,LK,2020-02-24 08:01:57,5.97,80.42,92.05,50,100,11.34,overcast clouds,0.0,0.0
80,80,Hobart,AU,2020-02-24 07:59:00,-42.88,147.33,68.0,64,75,13.87,broken clouds,0.0,0.0
81,81,Nuevo Progreso,MX,2020-02-24 08:01:58,23.17,-97.95,69.01,90,56,4.0,broken clouds,0.0,0.0
82,82,Khandyga,RU,2020-02-24 08:01:58,62.67,135.6,-6.03,99,100,1.48,overcast clouds,0.0,0.0
83,83,Westport,US,2020-02-24 08:00:06,41.14,-73.36,44.6,80,90,7.65,overcast clouds,0.0,0.0
84,84,Tuktoyaktuk,CA,2020-02-24 08:01:58,69.45,-133.04,-7.31,96,100,8.77,overcast clouds,0.0,0.0
85,85,Hasaki,JP,2020-02-24 08:01:54,35.73,140.83,59.0,50,0,11.41,clear sky,0.0,0.0
86,86,Smithers,CA,2020-02-24 07:57:56,54.78,-127.17,28.4,79,93,3.36,overcast clouds,0.0,0.0
87,87,Tiksi,RU,2020-02-24 08:01:59,71.69,128.87,-4.22,87,99,7.92,overcast clouds,0.0,0.0
88,88,Tonstad,NO,2020-02-24 08:01:59,58.66,6.72,39.99,80,40,9.17,shower rain,0.0,0.0
89,89,Humboldt,US,2020-02-24 08:01:59,40.67,-123.92,44.6,93,1,3.29,clear sky,0.0,0.0
90,90,Cayenne,GF,2020-02-24 08:00:04,4.93,-52.33,78.8,83,90,8.05,overcast clouds,0.0,0.0
91,91,Hithadhoo,MV,2020-02-24 08:00:31,-0.6,73.08,83.21,78,11,11.92,light rain,0.88,0.0
92,92,Sisimiut,GL,2020-02-24 08:02:00,66.94,-53.67,-4.97,87,100,3.71,overcast clouds,0.0,0.0
93,93,New Norfolk,AU,2020-02-24 08:02:00,-42.78,147.06,68.0,64,75,13.87,broken clouds,0.0,0.0
94,94,Porto Novo,BJ,2020-02-24 08:02:00,6.5,2.6,84.2,89,40,2.24,scattered clouds,0.0,0.0
95,95,Chokurdakh,RU,2020-02-24 08:02:00,70.63,147.92,-23.37,98,79,4.47,broken clouds,0.0,0.0
96,96,Hambantota,LK,2020-02-24 08:02:01,6.12,81.12,89.6,66,75,17.22,broken clouds,0.0,0.0
97,97,Grand-Santi,GF,2020-02-24 08:02:01,4.25,-54.38,70.34,99,97,2.21,overcast clouds,0.0,0.0
98,98,Lebu,CL,2020-02-24 08:02:01,-37.62,-73.65,51.12,92,14,5.7,few clouds,0.0,0.0
99,99,Rio Grande,BR,2020-02-24 08:02:01,-32.03,-52.1,57.0,95,65,14.85,light rain,0.13,0.0
100,100,Caravelas,BR,2020-02-24 08:02:02,-17.71,-39.25,79.25,84,82,10.76,light rain,2.13,0.0
101,101,Norman Wells,CA,2020-02-24 08:02:02,65.28,-126.83,-0.4,84,75,5.82,light snow,0.0,0.0
102,102,Laguna,US,2020-02-24 08:00:55,38.42,-121.42,52.0,93,1,3.36,clear sky,0.0,0.0
103,103,Fortuna,US,2020-02-24 08:02:03,40.6,-124.16,44.6,93,1,3.29,clear sky,0.0,0.0
104,104,Brae,GB,2020-02-24 08:02:03,60.4,-1.35,35.6,74,20,2.24,few clouds,0.0,0.0
105,105,Avarua,CK,2020-02-24 08:02:03,-21.21,-159.78,77.0,100,100,1.12,overcast clouds,0.0,0.0
106,106,Victoria,HK,2020-02-24 08:01:32,22.29,114.16,78.01,60,20,16.11,few clouds,0.0,0.0
107,107,Imeni Poliny Osipenko,RU,2020-02-24 08:02:03,52.42,136.49,9.52,94,100,3.89,overcast clouds,0.0,0.0
108,108,Banjar,ID,2020-02-24 08:02:04,-8.19,114.97,89.6,70,20,9.17,few clouds,0.0,0.0
109,109,Kaitangata,NZ,2020-02-24 08:02:04,-46.28,169.85,61.0,77,100,8.32,overcast clouds,0.0,0.0
110,110,Gizo,SB,2020-02-24 08:02:04,-8.1,156.84,78.91,87,76,4.76,light rain,1.44,0.0
111,111,Olafsvik,IS,2020-02-24 08:02:04,64.89,-23.71,33.91,85,100,10.25,light snow,0.0,0.75
112,112,Gamba,GA,2020-02-24 08:02:04,-2.65,10.0,80.4,85,100,3.53,overcast clouds,0.0,0.0
113,113,Saint-Philippe,RE,2020-02-24 08:02:05,-21.36,55.77,86.0,66,14,8.05,few clouds,0.0,0.0
114,114,Darhan,MN,2020-02-24 08:02:05,49.49,105.92,15.91,91,100,6.6,overcast clouds,0.0,0.0
115,115,Kamarion,GR,2020-02-24 08:02:05,36.8,25.82,55.99,76,38,4.7,scattered clouds,0.0,0.0
116,116,Mahebourg,MU,2020-02-24 08:02:05,-20.41,57.7,86.0,66,40,5.82,scattered clouds,0.0,0.0
117,117,Narsaq,GL,2020-02-24 08:02:06,60.92,-46.05,23.0,73,100,3.36,light snow,0.0,0.0
118,118,Santa Isabel Do Rio Negro,BR,2020-02-24 08:02:06,-0.41,-65.02,74.23,98,100,1.03,overcast clouds,0.0,0.0
119,119,Provideniya,RU,2020-02-24 08:02:06,64.38,-173.3,-1.93,66,20,3.2,few clouds,0.0,0.0
120,120,Atuona,PF,2020-02-24 08:02:06,-9.8,-139.03,80.94,81,15,13.94,few clouds,0.0,0.0
121,121,Tonj,SS,2020-02-24 08:02:06,7.27,28.68,97.93,6,8,7.72,clear sky,0.0,0.0
122,122,Havoysund,NO,2020-02-24 08:02:07,71.0,24.66,30.2,86,90,18.34,snow,0.0,0.0
123,123,Ponta Do Sol,PT,2020-02-24 08:02:07,32.67,-17.1,71.01,63,40,16.11,scattered clouds,0.0,0.0
124,124,The Valley,AI,2020-02-24 08:02:07,18.22,-63.06,75.2,83,0,2.24,clear sky,0.0,0.0
125,125,Saskylakh,RU,2020-02-24 08:02:07,71.92,114.08,15.13,93,100,9.44,light snow,0.0,0.19
126,126,Chuzhou,CN,2020-02-24 08:02:07,32.32,118.3,71.55,61,100,9.37,overcast clouds,0.0,0.0
127,127,Paso De Carrasco,UY,2020-02-24 08:02:08,-34.86,-56.05,62.6,77,0,12.75,clear sky,0.0,0.0
128,128,Sao Filipe,CV,2020-02-24 08:02:08,14.9,-24.5,67.3,82,0,15.9,clear sky,0.0,0.0
129,129,Aloleng,PH,2020-02-24 08:02:08,16.13,119.78,81.84,62,46,9.84,scattered clouds,0.0,0.0
130,130,Sur,OM,2020-02-24 08:02:08,22.57,59.53,80.64,41,64,8.12,broken clouds,0.0,0.0
131,131,Coihaique,CL,2020-02-24 08:02:08,-45.58,-72.07,53.6,58,90,4.7,overcast clouds,0.0,0.0
132,132,Burnie,AU,2020-02-24 08:02:09,-41.07,145.92,68.0,71,79,5.99,broken clouds,0.0,0.0
133,133,Barrow,US,2020-02-24 08:02:09,71.29,-156.79,-20.2,75,40,11.41,scattered clouds,0.0,0.0
134,134,Maarianhamina,AX,2020-02-24 08:00:41,60.1,19.93,33.8,64,2,10.29,clear sky,0.0,0.0
135,135,Kodiak,US,2020-02-24 08:02:10,57.79,-152.41,24.8,45,1,14.99,clear sky,0.0,0.0
136,136,Benguela,AO,2020-02-24 08:02:10,-12.58,13.41,80.6,74,75,5.28,broken clouds,0.0,0.0
137,137,Upernavik,GL,2020-02-24 08:02:10,72.79,-56.15,-21.44,92,22,1.28,few clouds,0.0,0.0
138,138,Primero De Marzo,PY,2020-02-24 08:02:10,-25.15,-56.93,64.4,77,0,2.1,mist,0.0,0.0
139,139,Bembereke,BJ,2020-02-24 08:02:11,10.23,2.66,84.33,12,48,11.77,scattered clouds,0.0,0.0
140,140,Bom Jesus Da Lapa,BR,2020-02-24 08:02:11,-13.26,-43.42,75.2,94,33,3.38,light rain,0.13,0.0
141,141,Arraial Do Cabo,BR,2020-02-24 08:00:05,-22.97,-42.03,73.94,74,67,7.81,broken clouds,0.0,0.0
142,142,Deputatskiy,RU,2020-02-24 08:02:11,69.3,139.9,-21.64,95,0,3.65,clear sky,0.0,0.0
143,143,Vardo,NO,2020-02-24 07:58:55,70.37,31.11,32.0,95,40,18.34,scattered clouds,0.0,0.0
144,144,Harper,LR,2020-02-24 08:02:12,4.38,-7.72,84.54,78,70,3.69,broken clouds,0.0,0.0
145,145,Carballo,ES,2020-02-24 08:02:12,43.21,-8.69,51.01,100,90,4.7,fog,0.0,0.0
146,146,Veinticinco De Mayo,AR,2020-02-24 08:02:12,-35.43,-60.17,61.0,88,0,1.01,clear sky,0.0,0.0
147,147,Necochea,AR,2020-02-24 08:02:05,-38.55,-58.74,61.0,80,0,13.0,clear sky,0.0,0.0
148,148,Longyearbyen,SJ,2020-02-24 08:02:13,78.22,15.64,-4.0,83,20,4.7,few clouds,0.0,0.0
149,149,Maragogi,BR,2020-02-24 08:02:13,-9.01,-35.22,81.91,77,5,15.68,light rain,0.25,0.0
150,150,Lar,IN,2020-02-24 08:02:13,26.2,83.97,82.74,39,0,4.16,clear sky,0.0,0.0
151,151,Machali,CL,2020-02-24 08:02:13,-34.18,-70.67,47.19,67,0,1.48,clear sky,0.0,0.0
152,152,Valparaiso,CL,2020-02-24 07:59:51,-33.04,-71.63,59.0,93,40,3.78,scattered clouds,0.0,0.0
153,153,Boyuibe,BO,2020-02-24 08:02:14,-20.42,-63.28,53.8,65,68,2.37,broken clouds,0.0,0.0
154,154,Ilhabela,BR,2020-02-24 08:00:25,-23.78,-45.36,74.84,73,96,9.13,overcast clouds,0.0,0.0
155,155,Lagoa,PT,2020-02-24 08:02:14,39.05,-27.98,59.72,80,20,12.1,few clouds,0.0,0.0
156,156,Ilulissat,GL,2020-02-24 08:02:14,69.22,-51.1,5.0,65,97,6.93,overcast clouds,0.0,0.0
157,157,Mount Isa,AU,2020-02-24 08:02:14,-20.73,139.5,86.0,70,40,5.82,scattered clouds,0.0,0.0
158,158,Sakura,JP,2020-02-24 08:02:15,35.72,140.23,59.0,50,0,11.41,clear sky,0.0,0.0
159,159,Waipawa,NZ,2020-02-24 08:02:15,-41.41,175.52,62.01,70,76,8.23,broken clouds,0.0,0.0
160,160,Ostrovnoy,RU,2020-02-24 08:02:15,68.05,39.51,23.22,91,100,4.85,overcast clouds,0.0,0.0
161,161,Katsuura,JP,2020-02-24 08:02:15,35.13,140.3,57.2,50,20,11.41,few clouds,0.0,0.0
162,162,Shingu,JP,2020-02-24 08:02:16,33.73,135.98,55.4,47,0,11.41,clear sky,0.0,0.0
163,163,Sinnamary,GF,2020-02-24 08:02:16,5.38,-52.95,78.76,83,100,17.2,light rain,0.31,0.0
164,164,Ena,JP,2020-02-24 08:02:16,35.45,137.41,35.94,76,33,1.34,scattered clouds,0.0,0.0
165,165,Berlevag,NO,2020-02-24 08:02:16,70.86,29.09,32.0,92,75,5.82,shower rain,0.0,0.0
166,166,Eyl,SO,2020-02-24 08:02:16,7.98,49.82,79.05,73,78,20.92,broken clouds,0.0,0.0
167,167,Bathsheba,BB,2020-02-24 08:02:17,13.22,-59.52,78.8,78,20,14.99,few clouds,0.0,0.0
168,168,Bella Union,UY,2020-02-24 08:02:17,-30.28,-57.6,59.22,76,0,8.05,clear sky,0.0,0.0
169,169,Xichang,CN,2020-02-24 07:59:34,27.9,102.26,55.08,37,0,14.05,clear sky,0.0,0.0
170,170,Papara,BR,2020-02-24 08:02:18,-3.98,-38.73,78.8,88,40,3.36,scattered clouds,0.0,0.0
171,171,Biryusinsk,RU,2020-02-24 08:02:18,55.96,97.82,22.12,84,100,2.51,overcast clouds,0.0,0.0
172,172,Senneterre,CA,2020-02-24 08:02:18,48.38,-77.23,35.6,74,40,9.17,scattered clouds,0.0,0.0
173,173,Sao Gabriel Da Cachoeira,BR,2020-02-24 08:02:18,-0.13,-67.09,74.34,98,100,2.64,light rain,2.81,0.0
174,174,Ilinskiy,RU,2020-02-24 07:58:54,55.62,38.12,37.99,74,40,8.95,scattered clouds,0.0,0.0
175,175,Ust-Maya,RU,2020-02-24 08:02:19,60.42,134.53,2.53,97,100,2.17,light snow,0.0,0.19
176,176,Tecolutla,MX,2020-02-24 08:02:19,20.48,-97.02,68.95,93,56,3.53,broken clouds,0.0,0.0
177,177,Nobeoka,JP,2020-02-24 08:02:19,32.58,131.67,45.28,89,78,0.67,broken clouds,0.0,0.0
178,178,Nyrob,RU,2020-02-24 08:02:20,60.73,56.72,25.84,93,100,13.18,light snow,0.0,1.06
179,179,Santiago,CL,2020-02-24 07:59:55,-33.46,-70.65,55.4,82,0,5.82,clear sky,0.0,0.0
180,180,Malanje,AO,2020-02-24 08:02:20,-9.54,16.34,68.0,94,90,4.7,overcast clouds,0.0,0.0
181,181,Tilichiki,RU,2020-02-24 08:02:20,60.47,166.1,-0.63,87,100,6.62,overcast clouds,0.0,0.0
182,182,Chuy,UY,2020-02-24 08:02:20,-33.7,-53.46,61.75,87,7,6.46,clear sky,0.0,0.0
183,183,Rakaia,NZ,2020-02-24 08:02:21,-43.75,172.02,62.01,82,0,18.34,clear sky,0.0,0.0
184,184,San Jose,US,2020-02-24 08:01:07,37.34,-121.89,51.01,87,1,1.72,clear sky,0.0,0.0
185,185,Ahipara,NZ,2020-02-24 08:02:21,-35.17,173.17,66.6,75,0,10.74,clear sky,0.0,0.0
186,186,Bom Jesus,BR,2020-02-24 08:02:21,-9.07,-44.36,70.23,96,64,0.58,light rain,1.38,0.0
187,187,Lermontovka,RU,2020-02-24 08:02:21,47.15,134.34,18.66,97,100,5.95,light snow,0.0,0.13
188,188,Lompoc,US,2020-02-24 08:02:22,34.64,-120.46,53.01,93,90,13.18,overcast clouds,0.0,0.0
189,189,Cidreira,BR,2020-02-24 08:02:22,-30.18,-50.21,71.98,74,0,21.05,clear sky,0.0,0.0
190,190,Baruun-Urt,MN,2020-02-24 08:02:22,46.68,113.28,14.02,86,100,11.74,overcast clouds,0.0,0.0
191,191,Kudahuvadhoo,MV,2020-02-24 08:02:22,2.67,72.89,83.46,77,60,17.13,light rain,0.19,0.0
192,192,Monmouth,US,2020-02-24 08:02:22,40.3,-74.17,44.6,44,90,8.05,overcast clouds,0.0,0.0
193,193,Lodja,CD,2020-02-24 08:02:23,-3.48,23.43,73.8,93,100,1.83,light rain,0.38,0.0
194,194,Acari,PE,2020-02-24 08:02:23,-15.43,-74.62,67.05,90,99,2.01,overcast clouds,0.0,0.0
195,195,Mocuba,MZ,2020-02-24 08:02:23,-16.84,36.99,82.36,88,78,6.98,moderate rain,4.13,0.0
196,196,Gemena,CD,2020-02-24 08:02:23,3.25,19.77,95.27,40,19,4.61,few clouds,0.0,0.0
197,197,Mandalgovi,MN,2020-02-24 08:02:24,45.76,106.27,23.05,58,100,18.63,overcast clouds,0.0,0.0
198,198,Kandrian,PG,2020-02-24 08:00:22,-6.22,149.55,76.73,95,100,4.16,light rain,0.94,0.0
199,199,Petropavlovsk-Kamchatskiy,RU,2020-02-24 08:02:24,53.05,158.65,26.6,58,20,8.95,few clouds,0.0,0.0
200,200,Galle,LK,2020-02-24 08:02:24,6.04,80.22,82.47,70,33,9.1,scattered clouds,0.0,0.0
201,201,Nishihara,JP,2020-02-24 08:02:24,26.18,127.76,73.4,68,20,12.75,few clouds,0.0,0.0
202,202,Osinki,RU,2020-02-24 08:02:25,52.84,49.51,33.4,100,100,9.28,light snow,0.0,0.56
203,203,Praia,CV,2020-02-24 08:02:25,14.92,-23.51,68.0,77,75,11.41,broken clouds,0.0,0.0
204,204,Torbay,CA,2020-02-24 08:02:25,47.67,-52.73,26.01,92,20,16.11,few clouds,0.0,0.0
205,205,Mega,ET,2020-02-24 08:02:25,4.05,38.3,84.79,13,88,19.48,overcast clouds,0.0,0.0
206,206,Mecca,SA,2020-02-24 08:00:03,21.43,39.83,79.81,49,0,8.66,clear sky,0.0,0.0
207,207,Sovetskaya Gavan,RU,2020-02-24 08:02:26,48.97,140.29,8.65,82,76,3.76,broken clouds,0.0,0.0
208,208,Kerema,PG,2020-02-24 08:02:26,-7.96,145.78,79.97,77,100,1.68,overcast clouds,0.0,0.0
209,209,Zverinogolovskoye,RU,2020-02-24 08:02:26,54.46,64.85,17.83,91,92,14.0,overcast clouds,0.0,0.0
210,210,Quatre Cocos,MU,2020-02-24 08:02:26,-20.21,57.76,86.0,66,40,5.82,scattered clouds,0.0,0.0
211,211,Papetoai,PF,2020-02-24 08:02:26,-17.5,-149.87,78.8,78,40,4.7,scattered clouds,0.0,0.0
212,212,Oriximina,BR,2020-02-24 08:02:27,-1.77,-55.87,76.55,91,98,3.2,overcast clouds,0.0,0.0
213,213,Poum,NC,2020-02-24 08:02:27,-20.23,164.02,80.91,71,71,12.88,broken clouds,0.0,0.0
214,214,Dingle,PH,2020-02-24 08:02:27,11.0,122.67,81.48,71,9,8.93,light rain,0.13,0.0
215,215,Sulina,RO,2020-02-24 08:02:27,45.16,29.65,50.81,69,100,18.97,light rain,0.81,0.0
216,216,Kruisfontein,ZA,2020-02-24 08:02:28,-34.0,24.73,73.62,35,0,4.9,clear sky,0.0,0.0
217,217,Eydhafushi,MV,2020-02-24 08:02:28,5.1,73.07,83.05,77,92,23.51,overcast clouds,0.0,0.0
218,218,Bagn,NO,2020-02-24 08:02:28,60.82,9.55,24.01,74,2,17.0,clear sky,0.0,0.0
219,219,Mayo,US,2020-02-24 08:02:28,38.89,-76.51,44.01,75,1,4.7,clear sky,0.0,0.0
220,220,San Quintin,MX,2020-02-24 08:02:28,30.48,-115.95,55.78,90,0,10.83,clear sky,0.0,0.0
221,221,Esil,KZ,2020-02-24 08:02:29,51.96,66.4,17.04,90,26,11.88,scattered clouds,0.0,0.0
222,222,Iqaluit,CA,2020-02-24 08:02:29,63.75,-68.51,-23.01,67,75,2.24,broken clouds,0.0,0.0
223,223,Chifeng,CN,2020-02-24 08:02:29,42.27,118.96,30.29,45,100,8.28,overcast clouds,0.0,0.0
224,224,Tasiilaq,GL,2020-02-24 08:02:29,65.61,-37.64,8.6,60,93,1.12,overcast clouds,0.0,0.0
225,225,Innisfail,AU,2020-02-24 08:00:34,-17.53,146.03,73.99,93,100,3.0,moderate rain,4.75,0.0
226,226,Didwana,IN,2020-02-24 08:02:30,27.4,74.57,80.49,19,0,6.02,clear sky,0.0,0.0
227,227,Sanmenxia,CN,2020-02-24 08:02:30,34.77,111.18,66.18,31,0,11.34,clear sky,0.0,0.0
228,228,Saldanha,ZA,2020-02-24 08:02:30,-33.01,17.94,78.8,29,0,3.36,clear sky,0.0,0.0
229,229,Canyon Lake,US,2020-02-24 08:02:31,29.88,-98.26,66.2,88,75,4.7,broken clouds,0.0,0.0
230,230,Slyudyanka,RU,2020-02-24 08:02:31,51.66,103.71,13.91,95,100,3.56,light snow,0.0,0.13
231,231,Lamu,KE,2020-02-24 08:02:31,-2.27,40.9,82.98,80,100,11.41,light rain,0.69,0.0
232,232,Bandarbeyla,SO,2020-02-24 08:02:31,9.49,50.81,77.7,73,95,14.99,overcast clouds,0.0,0.0
233,233,Islamkot,PK,2020-02-24 08:02:31,24.7,70.18,88.47,19,0,2.73,clear sky,0.0,0.0
234,234,Pilar,BR,2020-02-24 08:00:46,-9.6,-35.96,77.0,94,40,5.82,scattered clouds,0.0,0.0
235,235,Kirksville,US,2020-02-24 08:02:11,40.19,-92.58,42.8,86,1,9.17,clear sky,0.0,0.0
236,236,Hovd,MN,2020-02-24 08:02:32,48.01,91.64,23.97,61,52,5.03,broken clouds,0.0,0.0
237,237,Maldonado,UY,2020-02-24 08:02:32,-34.67,-54.92,62.6,88,27,6.93,scattered clouds,0.0,0.0
238,238,Placido De Castro,BR,2020-02-24 08:02:32,-10.34,-67.19,67.53,85,59,2.04,broken clouds,0.0,0.0
239,239,Inhambane,MZ,2020-02-24 08:02:33,-23.86,35.38,80.6,54,75,18.34,broken clouds,0.0,0.0
240,240,Wukari,NG,2020-02-24 08:02:33,7.85,9.78,88.74,12,5,13.42,clear sky,0.0,0.0
241,241,Isangel,VU,2020-02-24 08:02:33,-19.55,169.27,77.36,77,24,14.99,light rain,0.13,0.0
242,242,Carnarvon,AU,2020-02-24 08:02:33,-24.87,113.63,84.2,54,0,16.11,clear sky,0.0,0.0
243,243,Chake Chake,TZ,2020-02-24 08:02:33,-5.25,39.77,84.69,75,100,17.0,overcast clouds,0.0,0.0
244,244,Fairlie,GB,2020-02-24 08:02:34,55.76,-4.86,36.0,93,90,14.99,light rain,0.0,0.0
245,245,Mount Gambier,AU,2020-02-24 08:02:34,-37.83,140.77,71.6,60,90,14.99,overcast clouds,0.0,0.0
246,246,Aykhal,RU,2020-02-24 08:02:34,66.0,111.5,14.0,92,0,6.71,clear sky,0.0,0.0
247,247,Codrington,AU,2020-02-24 08:02:35,-38.27,141.97,63.32,86,89,14.9,overcast clouds,0.0,0.0
248,248,Russell,US,2020-02-24 08:02:35,32.35,-85.2,52.0,81,90,1.95,thunderstorm,0.0,0.0
249,249,Aklavik,CA,2020-02-24 08:02:35,68.22,-135.01,-5.8,76,90,3.36,light snow,0.0,0.0
250,250,Shenjiamen,CN,2020-02-24 08:02:35,29.96,122.3,56.57,89,67,19.19,broken clouds,0.0,0.0
251,251,Santa Luzia,BR,2020-02-24 08:02:35,-19.77,-43.85,68.0,82,75,9.17,broken clouds,0.0,0.0
252,252,Namibe,AO,2020-02-24 08:02:36,-15.2,12.15,73.4,78,40,7.31,scattered clouds,0.0,0.0
253,253,Teguldet,RU,2020-02-24 08:02:36,57.31,88.17,25.52,86,99,0.81,overcast clouds,0.0,0.0
254,254,Ust-Nera,RU,2020-02-24 08:02:36,64.57,143.2,-25.56,100,100,1.7,overcast clouds,0.0,0.0
255,255,Tuatapere,NZ,2020-02-24 08:02:36,-46.13,167.68,63.0,62,100,4.0,overcast clouds,0.0,0.0
256,256,Springfield,US,2020-02-24 08:02:36,37.22,-93.3,45.0,93,90,12.75,moderate rain,0.0,0.0
257,257,Marsa Matruh,EG,2020-02-24 08:02:37,31.35,27.25,55.4,71,75,12.75,broken clouds,0.0,0.0
258,258,Abu Kamal,SY,2020-02-24 08:02:37,34.45,40.92,64.47,42,100,9.08,overcast clouds,0.0,0.0
259,259,Bayshore Gardens,US,2020-02-24 08:02:37,27.43,-82.59,64.4,77,20,5.82,few clouds,0.0,0.0
260,260,Leningradskiy,RU,2020-02-24 08:02:38,69.38,178.42,-18.78,70,0,2.08,clear sky,0.0,0.0
261,261,Grenada,ES,2020-02-24 08:02:38,37.19,-3.61,54.0,80,0,2.98,clear sky,0.0,0.0
262,262,Nanortalik,GL,2020-02-24 08:02:38,60.14,-45.24,23.79,71,82,10.38,broken clouds,0.0,0.0
263,263,Manono,CD,2020-02-24 08:02:38,-7.3,27.42,73.81,89,100,6.53,overcast clouds,0.0,0.0
264,264,Mindelo,CV,2020-02-24 08:02:39,16.89,-24.98,62.6,77,40,4.7,scattered clouds,0.0,0.0
265,265,Faanui,PF,2020-02-24 08:02:39,-16.48,-151.75,82.47,76,12,13.13,few clouds,0.0,0.0
266,266,Pala,TD,2020-02-24 08:02:39,9.36,14.9,83.97,12,0,10.47,clear sky,0.0,0.0
267,267,Dangtu,CN,2020-02-24 08:02:39,31.57,118.49,80.6,36,67,6.71,broken clouds,0.0,0.0
268,268,Faya,SA,2020-02-24 08:02:39,18.39,42.45,71.6,37,0,9.17,clear sky,0.0,0.0
269,269,Roald,NO,2020-02-24 08:02:40,62.58,6.13,36.0,74,75,19.46,broken clouds,0.0,0.0
270,270,Sept-Iles,CA,2020-02-24 08:00:09,50.2,-66.38,30.2,86,90,10.29,overcast clouds,0.0,0.0
271,271,Mankono,CI,2020-02-24 08:02:40,8.06,-6.19,85.01,62,100,2.84,overcast clouds,0.0,0.0
272,272,Shwebo,MM,2020-02-24 08:02:40,22.57,95.7,92.07,18,0,6.76,clear sky,0.0,0.0
273,273,Half Moon Bay,US,2020-02-24 08:02:41,37.46,-122.43,51.8,87,1,14.05,clear sky,0.0,0.0
274,274,Surt,LY,2020-02-24 08:02:41,31.21,16.59,57.56,63,68,14.09,broken clouds,0.0,0.0
275,275,Pennathur,IN,2020-02-24 08:02:41,12.25,79.23,90.86,32,58,7.83,broken clouds,0.0,0.0
276,276,Anadyr,RU,2020-02-24 08:01:12,64.75,177.48,-11.2,69,60,6.71,broken clouds,0.0,0.0
277,277,Salaga,GH,2020-02-24 08:02:42,8.55,-0.52,90.5,11,78,9.75,broken clouds,0.0,0.0
278,278,Trairi,BR,2020-02-24 08:02:42,-3.28,-39.27,73.56,98,100,3.02,light rain,0.25,0.0
279,279,Arlit,NE,2020-02-24 08:02:42,18.74,7.39,67.32,19,64,9.53,broken clouds,0.0,0.0
280,280,Port Blair,IN,2020-02-24 08:02:42,11.67,92.75,81.88,73,5,13.58,clear sky,0.0,0.0
281,281,Witu,KE,2020-02-24 08:02:43,-2.39,40.44,89.8,59,100,8.41,light rain,0.31,0.0
282,282,Klaksvik,FO,2020-02-24 08:02:43,62.23,-6.59,35.6,80,100,2.24,overcast clouds,0.0,0.0
283,283,Coquimbo,CL,2020-02-24 08:02:43,-29.95,-71.34,59.0,87,20,3.36,few clouds,0.0,0.0
284,284,Kuybysheve,UA,2020-02-24 08:02:43,47.36,36.65,40.32,89,100,24.32,light rain,1.88,0.0
285,285,Mayskiy,RU,2020-02-24 08:02:44,47.69,40.1,41.0,86,75,17.9,light intensity shower rain,0.0,0.0
286,286,Mae Sai,TH,2020-02-24 08:02:44,20.43,99.88,87.01,42,58,4.7,broken clouds,0.0,0.0
287,287,Matongo,TZ,2020-02-24 08:02:44,-2.38,34.08,82.04,52,87,5.26,overcast clouds,0.0,0.0
288,288,Nemuro,JP,2020-02-24 08:02:44,43.32,145.57,26.6,58,40,3.36,scattered clouds,0.0,0.0
289,289,Faro,PT,2020-02-24 08:02:44,37.02,-7.93,57.99,71,0,6.93,clear sky,0.0,0.0
290,290,Lincoln,US,2020-02-24 08:02:45,40.8,-96.67,39.2,86,1,9.17,clear sky,0.0,0.0
291,291,Karratha,AU,2020-02-24 08:02:45,-20.74,116.85,85.08,71,29,12.57,scattered clouds,0.0,0.0
292,292,Berezovyy,RU,2020-02-24 08:02:45,51.67,135.7,10.35,91,44,4.36,scattered clouds,0.0,0.0
293,293,Sorong,ID,2020-02-24 08:02:45,-0.88,131.25,81.43,79,100,3.78,overcast clouds,0.0,0.0
294,294,West Bay,KY,2020-02-24 08:02:45,19.37,-81.42,75.99,79,6,1.99,light rain,0.44,0.0
295,295,Ahuimanu,US,2020-02-24 08:01:04,21.44,-157.84,75.2,69,20,8.05,few clouds,0.0,0.0
296,296,San Ramon,US,2020-02-24 07:59:35,37.78,-121.98,52.0,93,40,4.7,scattered clouds,0.0,0.0
297,297,Barra Do Garcas,BR,2020-02-24 08:02:46,-15.89,-52.26,71.19,97,100,0.78,overcast clouds,0.0,0.0
298,298,Kautokeino,NO,2020-02-24 08:01:27,69.01,23.04,25.65,80,100,19.04,overcast clouds,0.0,0.0
299,299,Nurota,UZ,2020-02-24 08:02:47,40.56,65.69,59.0,44,59,2.24,broken clouds,0.0,0.0
300,300,Taybad,IR,2020-02-24 08:02:47,34.74,60.78,67.17,28,59,12.35,broken clouds,0.0,0.0
301,301,Kavaratti,IN,2020-02-24 08:02:47,10.57,72.64,82.56,69,100,4.65,overcast clouds,0.0,0.0
302,302,Wisla,PL,2020-02-24 08:02:47,49.66,18.86,41.0,60,40,3.36,scattered clouds,0.0,0.0
303,303,Hervey Bay,AU,2020-02-24 08:02:47,-25.3,152.85,75.2,88,90,14.99,light intensity shower rain,0.0,0.0
304,304,Bowen,AU,2020-02-24 07:58:00,-20.02,148.23,81.0,88,90,3.36,overcast clouds,0.0,0.0
305,305,Padampur,IN,2020-02-24 08:02:48,29.68,73.62,82.83,24,0,5.14,clear sky,0.0,0.0
306,306,Geraldton,AU,2020-02-24 08:02:48,-28.77,114.6,82.4,61,0,20.8,clear sky,0.0,0.0
307,307,Punta De Piedra,VE,2020-02-24 08:02:48,7.62,-71.49,77.2,71,78,4.12,broken clouds,0.0,0.0
308,308,Coahuayana,MX,2020-02-24 08:02:48,18.73,-103.68,71.38,65,0,2.77,clear sky,0.0,0.0
309,309,Lusambo,CD,2020-02-24 08:02:49,-4.97,23.45,89.37,49,93,1.43,overcast clouds,0.0,0.0
310,310,Ewa Beach,US,2020-02-24 08:02:49,21.32,-158.01,75.2,88,40,5.82,scattered clouds,0.0,0.0
311,311,Grindavik,IS,2020-02-24 08:02:49,63.84,-22.43,32.0,76,75,14.99,shower rain,0.0,0.0
312,312,Kamloops,CA,2020-02-24 08:02:49,50.67,-120.32,30.2,100,90,2.24,overcast clouds,0.0,0.0
313,313,Vila,PT,2020-02-24 08:02:50,42.03,-8.16,53.01,81,0,6.93,clear sky,0.0,0.0
314,314,Korla,CN,2020-02-24 08:02:50,41.76,86.15,37.96,39,33,3.44,scattered clouds,0.0,0.0
315,315,Bambanglipuro,ID,2020-02-24 08:02:50,-7.95,110.28,82.8,78,78,8.43,moderate rain,6.69,0.0
316,316,Sorkjosen,NO,2020-02-24 08:02:50,69.8,20.93,31.53,81,100,19.64,snow,0.0,2.19
317,317,Luderitz,,2020-02-24 08:02:50,-26.65,15.16,75.2,57,0,3.36,clear sky,0.0,0.0
318,318,Algiers,DZ,2020-02-24 08:02:45,36.75,3.04,41.0,93,20,1.12,mist,0.0,0.0
319,319,San Cristobal,VE,2020-02-24 08:02:51,7.77,-72.22,56.07,97,99,1.1,light rain,0.44,0.0
320,320,Meadow Lake,US,2020-02-24 08:02:51,34.8,-106.54,42.8,80,1,6.93,clear sky,0.0,0.0
321,321,Ust-Tsilma,RU,2020-02-24 08:02:51,65.44,52.15,31.44,84,100,12.01,light snow,0.0,0.25
322,322,Komsomolskiy,UZ,2020-02-24 08:02:52,40.43,71.72,53.6,71,75,3.49,broken clouds,0.0,0.0
323,323,Bud,US,2020-02-24 08:02:52,39.45,-86.18,45.0,80,40,10.29,scattered clouds,0.0,0.0
324,324,Amapa,BR,2020-02-24 08:02:52,1.0,-52.0,73.38,99,100,2.24,light rain,0.38,0.0
325,325,Khatanga,RU,2020-02-24 08:02:52,71.97,102.5,19.72,85,100,19.24,light snow,0.0,0.13
326,326,Mangrol,IN,2020-02-24 08:02:52,21.12,70.12,79.32,59,0,15.68,clear sky,0.0,0.0
327,327,Luena,AO,2020-02-24 08:02:53,-11.78,19.92,66.2,100,75,5.82,broken clouds,0.0,0.0
328,328,Panama City,PA,2020-02-24 08:02:53,8.99,-79.52,75.99,83,98,5.82,overcast clouds,0.0,0.0
329,329,Madingou,CG,2020-02-24 08:02:53,-4.15,13.55,76.87,90,100,1.52,overcast clouds,0.0,0.0
330,330,Labuhan,ID,2020-02-24 08:02:53,-6.88,112.21,82.9,83,85,8.55,moderate rain,8.19,0.0
331,331,Buta,CD,2020-02-24 08:02:54,2.79,24.73,94.73,22,44,4.05,scattered clouds,0.0,0.0
332,332,Tombouctou,ML,2020-02-24 08:02:54,20.0,-3.0,76.19,10,0,17.52,clear sky,0.0,0.0
333,333,Sambava,MG,2020-02-24 08:02:54,-14.27,50.17,89.01,67,32,4.76,light rain,1.25,0.0
334,334,Fairbanks,US,2020-02-24 08:01:08,64.84,-147.72,-11.2,75,1,2.35,clear sky,0.0,0.0
335,335,Ancud,CL,2020-02-24 08:02:54,-41.87,-73.82,44.6,93,69,1.12,light rain,0.69,0.0
336,336,Carrollton,US,2020-02-24 08:02:55,32.95,-96.89,63.0,100,90,12.75,overcast clouds,0.0,0.0
337,337,Samana,DO,2020-02-24 08:02:55,19.21,-69.34,67.39,96,81,5.53,light rain,0.75,0.0
338,338,Aku,NG,2020-02-24 08:02:55,6.71,7.32,75.2,53,20,10.78,haze,0.0,0.0
339,339,La Ronge,CA,2020-02-24 08:02:55,55.1,-105.28,23.0,79,20,6.93,few clouds,0.0,0.0
340,340,Thinadhoo,MV,2020-02-24 08:02:55,0.53,72.93,83.41,78,91,14.34,overcast clouds,0.0,0.0
341,341,Port-Gentil,GA,2020-02-24 08:01:05,-0.72,8.78,80.6,94,20,4.7,few clouds,0.0,0.0
342,342,Karasjok,NO,2020-02-24 08:02:56,69.47,25.51,32.0,85,75,48.32,light rain and snow,0.0,0.0
343,343,Sayyan,YE,2020-02-24 08:02:56,15.17,44.32,73.81,7,19,11.48,few clouds,0.0,0.0
344,344,Kindu,CD,2020-02-24 08:02:56,-2.95,25.95,72.03,99,100,2.95,moderate rain,6.88,0.0
345,345,Vila Franca Do Campo,PT,2020-02-24 08:02:56,37.72,-25.43,51.8,93,20,3.36,few clouds,0.0,0.0
346,346,Srednekolymsk,RU,2020-02-24 08:02:57,67.45,153.68,-20.58,98,100,2.13,overcast clouds,0.0,0.0
347,347,Vila Velha,BR,2020-02-24 08:02:57,-20.33,-40.29,77.0,73,75,5.82,broken clouds,0.0,0.0
348,348,Coos Bay,US,2020-02-24 08:02:57,43.37,-124.22,42.8,93,90,5.82,overcast clouds,0.0,0.0
349,349,Ponezhukay,RU,2020-02-24 08:02:57,44.89,39.39,46.99,70,40,15.66,light intensity shower rain,0.0,0.0
350,350,Ahar,IR,2020-02-24 08:02:57,38.48,47.07,38.91,78,11,12.33,few clouds,0.0,0.0
351,351,Matale,LK,2020-02-24 08:02:58,7.47,80.62,91.67,40,100,7.4,overcast clouds,0.0,0.0
352,352,Oranjemund,,2020-02-24 08:02:58,-28.55,16.43,98.55,12,0,16.98,clear sky,0.0,0.0
353,353,Hudson Bay,CA,2020-02-24 08:02:58,52.85,-102.38,15.12,94,0,4.41,clear sky,0.0,0.0
354,354,Yanam,IN,2020-02-24 08:02:58,16.73,82.22,87.8,58,20,12.75,few clouds,0.0,0.0
355,355,Grand Forks,US,2020-02-24 08:02:58,47.93,-97.03,23.0,92,1,2.53,clear sky,0.0,0.0
356,356,Charters Towers,AU,2020-02-24 08:02:59,-20.1,146.27,78.44,84,100,9.1,overcast clouds,0.0,0.0
357,357,Alofi,NU,2020-02-24 08:02:59,-19.06,-169.92,78.8,94,100,4.7,overcast clouds,0.0,0.0
358,358,Yutsa,RU,2020-02-24 08:02:59,43.96,43.01,41.0,86,90,24.61,overcast clouds,0.0,0.0
359,359,Souillac,MU,2020-02-24 08:02:59,-20.52,57.52,86.0,66,40,5.82,scattered clouds,0.0,0.0
360,360,Haines Junction,CA,2020-02-24 08:02:59,60.75,-137.51,-4.43,96,100,5.21,overcast clouds,0.0,0.0
361,361,Morondava,MG,2020-02-24 08:03:00,-20.28,44.28,90.88,57,46,4.36,light rain,0.25,0.0
362,362,Chernyshevskiy,RU,2020-02-24 08:03:00,63.01,112.47,16.99,91,100,10.04,light snow,0.0,0.25
363,363,Champerico,GT,2020-02-24 08:03:00,14.3,-91.92,74.68,75,37,2.71,scattered clouds,0.0,0.0
364,364,Shalakusha,RU,2020-02-24 08:03:00,62.22,40.25,32.86,97,95,6.22,light snow,0.0,0.44
365,365,Soyo,AO,2020-02-24 08:03:00,-6.13,12.37,80.6,94,40,3.36,scattered clouds,0.0,0.0
366,366,Santa Catarina De Tepehuanes,MX,2020-02-24 08:03:01,25.35,-105.73,47.68,69,46,10.96,scattered clouds,0.0,0.0
367,367,Ondjiva,AO,2020-02-24 08:03:01,-17.07,15.73,75.2,47,40,9.17,scattered clouds,0.0,0.0
368,368,Beterou,BJ,2020-02-24 08:03:01,9.2,2.26,86.18,12,63,10.49,broken clouds,0.0,0.0
369,369,Plettenberg Bay,ZA,2020-02-24 08:03:01,-34.05,23.37,64.78,68,0,7.54,clear sky,0.0,0.0
370,370,Urucara,BR,2020-02-24 08:03:01,-2.54,-57.76,74.03,99,91,1.97,overcast clouds,0.0,0.0
371,371,Kamareddi,IN,2020-02-24 08:03:02,18.32,78.35,94.46,19,2,5.84,clear sky,0.0,0.0
372,372,Kedrovyy,RU,2020-02-24 08:03:02,56.17,91.82,23.0,67,75,6.71,broken clouds,0.0,0.0
373,373,Gubkinskiy,RU,2020-02-24 08:03:02,64.43,76.5,25.81,88,88,23.51,overcast clouds,0.0,0.0
374,374,Seymchan,RU,2020-02-24 08:03:03,62.88,152.43,-24.59,100,0,0.69,clear sky,0.0,0.0
375,375,Nuuk,GL,2020-02-24 08:03:03,64.18,-51.72,14.0,61,88,11.41,overcast clouds,0.0,0.0
376,376,Weyburn,CA,2020-02-24 07:59:35,49.67,-103.85,18.0,88,100,4.0,overcast clouds,0.0,0.0
377,377,Airai,TL,2020-02-24 08:03:03,-8.93,125.41,75.94,78,47,2.01,light rain,1.38,0.0
378,378,Presidente Venceslau,BR,2020-02-24 08:03:03,-21.88,-51.84,69.8,73,75,10.29,broken clouds,0.0,0.0
379,379,Nyurba,RU,2020-02-24 08:03:04,63.28,118.33,17.15,95,100,4.43,light snow,0.0,0.25
380,380,Leh,IN,2020-02-24 08:03:04,34.17,77.58,7.63,51,81,0.69,broken clouds,0.0,0.0
381,381,Roanne,FR,2020-02-24 08:03:04,46.0,4.0,50.0,87,90,2.24,overcast clouds,0.0,0.0
382,382,Casino,AU,2020-02-24 08:03:04,-28.87,153.05,69.8,88,40,8.05,scattered clouds,0.0,0.0
383,383,Gat,IL,2020-02-24 08:03:04,31.61,34.76,60.01,77,20,2.24,few clouds,0.0,0.0
384,384,Carbonia,IT,2020-02-24 08:03:05,39.17,8.52,54.0,93,11,10.29,few clouds,0.0,0.0
385,385,Iquique,CL,2020-02-24 08:00:35,-20.22,-70.14,69.8,77,99,6.93,overcast clouds,0.0,0.0
386,386,Honiara,SB,2020-02-24 08:01:25,-9.43,159.95,86.0,74,40,2.24,shower rain,0.0,0.0
387,387,Epinal,FR,2020-02-24 08:03:05,48.18,6.45,48.2,93,90,12.75,overcast clouds,0.0,0.0
388,388,San Marcelino,PH,2020-02-24 08:03:06,14.97,120.16,87.8,55,40,13.87,scattered clouds,0.0,0.0
389,389,Rockland,US,2020-02-24 08:03:06,41.17,-74.05,44.6,68,5,3.31,clear sky,0.0,0.0
390,390,Bethel,US,2020-02-24 08:03:06,41.37,-73.41,42.8,68,5,3.0,clear sky,0.0,0.0
391,391,Umm Kaddadah,SD,2020-02-24 08:03:06,13.6,26.69,77.13,16,0,19.95,clear sky,0.0,0.0
392,392,Naples,IT,2020-02-24 07:59:00,40.83,14.25,57.0,82,75,4.7,broken clouds,0.0,0.0
393,393,Broome,US,2020-02-24 08:03:07,42.25,-75.83,35.01,85,1,5.14,clear sky,0.0,0.0
394,394,Noumea,NC,2020-02-24 07:58:18,-22.28,166.46,84.0,61,40,11.41,scattered clouds,0.0,0.0
395,395,Vestmanna,FO,2020-02-24 08:03:07,62.16,-7.17,35.6,80,100,2.24,light snow,0.0,0.13
396,396,Port Hedland,AU,2020-02-24 08:03:07,-20.32,118.57,95.0,47,100,13.87,overcast clouds,0.0,0.0
397,397,Lata,PT,2020-02-24 08:03:07,40.16,-8.33,48.99,100,0,1.12,clear sky,0.0,0.0
398,398,Fayetteville,US,2020-02-24 07:58:17,35.05,-78.88,48.99,57,90,5.1,overcast clouds,0.0,0.0
399,399,Emporia,US,2020-02-24 08:03:08,38.4,-96.18,51.01,100,90,13.87,moderate rain,0.0,0.0
400,400,Qeshm,IR,2020-02-24 08:03:08,26.96,56.27,82.4,48,48,4.7,haze,0.0,0.0
401,401,Rocha,UY,2020-02-24 08:03:08,-34.48,-54.33,54.28,95,51,6.6,broken clouds,0.0,0.0
402,402,Sakakah,SA,2020-02-24 08:03:08,29.97,40.21,60.8,36,100,9.17,overcast clouds,0.0,0.0
403,403,Wilmington Island,US,2020-02-24 08:03:09,32.0,-80.97,55.99,100,90,3.06,overcast clouds,0.0,0.0
404,404,Lasa,IT,2020-02-24 08:03:09,46.62,10.7,48.0,98,75,5.82,broken clouds,0.0,0.0
405,405,Carutapera,BR,2020-02-24 08:03:09,-1.2,-46.02,82.47,78,99,12.57,light rain,0.81,0.0
406,406,Disna,BY,2020-02-24 08:03:10,55.57,28.2,39.33,69,76,15.35,light snow,0.0,0.13
407,407,Port Hardy,CA,2020-02-24 08:01:25,50.7,-127.42,35.6,92,75,9.17,broken clouds,0.0,0.0
408,408,Biak,ID,2020-02-24 08:03:10,-0.91,122.88,85.24,74,32,12.21,light rain,1.0,0.0
409,409,Kojnare,BG,2020-02-24 08:03:10,43.35,24.13,57.2,35,40,20.8,scattered clouds,0.0,0.0
410,410,Gornopravdinsk,RU,2020-02-24 08:03:10,60.05,69.9,27.36,89,92,12.03,overcast clouds,0.0,0.0
411,411,Touros,BR,2020-02-24 08:03:11,-5.2,-35.46,77.0,94,40,3.36,scattered clouds,0.0,0.0
412,412,Kanigoro,ID,2020-02-24 08:03:11,-8.13,112.22,85.5,72,40,2.1,moderate rain,7.25,0.0
413,413,Aksarka,RU,2020-02-24 08:03:11,66.56,67.8,25.65,92,100,25.5,light snow,0.0,0.44
414,414,Xianyang,CN,2020-02-24 08:03:11,34.34,108.7,69.8,30,0,8.95,clear sky,0.0,0.0
415,415,Morant Bay,JM,2020-02-24 08:03:11,17.88,-76.41,77.0,73,20,2.24,few clouds,0.0,0.0
416,416,Severo-Kurilsk,RU,2020-02-24 08:03:12,50.68,156.12,26.17,96,100,32.08,snow,0.0,2.88
417,417,Trelew,AR,2020-02-24 08:03:12,-43.25,-65.31,64.24,38,100,24.56,overcast clouds,0.0,0.0
418,418,Bonthe,SL,2020-02-24 08:03:12,7.53,-12.51,82.29,68,61,6.35,broken clouds,0.0,0.0
419,419,Capreol,CA,2020-02-24 08:03:12,46.71,-80.92,32.0,91,20,11.41,few clouds,0.0,0.0
420,420,Avera,US,2020-02-24 08:03:12,33.19,-82.53,52.0,76,90,3.36,overcast clouds,0.0,0.0
421,421,Conde,BR,2020-02-24 08:00:05,-7.26,-34.91,78.8,88,54,5.82,light rain,0.19,0.0
422,422,Urengoy,RU,2020-02-24 08:03:13,65.97,78.37,27.79,85,100,21.68,overcast clouds,0.0,0.0
423,423,Kargasok,RU,2020-02-24 08:03:13,59.06,80.86,18.91,93,78,5.44,broken clouds,0.0,0.0
424,424,Kawalu,ID,2020-02-24 08:03:13,-7.38,108.21,77.52,88,100,3.58,moderate rain,8.75,0.0
425,425,Bridlington,GB,2020-02-24 08:03:13,54.08,-0.19,39.0,100,75,10.29,moderate rain,0.0,0.0
426,426,Muros,ES,2020-02-24 08:03:14,42.78,-9.06,51.01,41,0,4.0,clear sky,0.0,0.0
427,427,Woodward,US,2020-02-24 08:03:14,36.43,-99.39,46.99,93,90,13.87,overcast clouds,0.0,0.0
428,428,Dunedin,NZ,2020-02-24 08:01:32,-45.87,170.5,60.01,78,73,6.4,broken clouds,0.0,0.0
429,429,Oktyabrskiy,RU,2020-02-24 08:03:14,54.48,53.47,32.07,97,100,16.08,light snow,0.0,0.69
430,430,Corinto,GR,2020-02-24 07:58:31,37.94,22.96,59.0,57,0,6.91,clear sky,0.0,0.0
431,431,Roma,US,2020-02-24 08:00:42,43.21,-75.46,42.8,74,90,9.44,overcast clouds,0.0,0.0
432,432,Sawtell,AU,2020-02-24 08:03:15,-30.38,153.1,75.2,83,90,2.24,overcast clouds,0.0,0.0
433,433,Safakulevo,RU,2020-02-24 08:03:15,54.99,62.54,20.08,91,100,18.41,overcast clouds,0.0,0.0
434,434,Wickliffe,US,2020-02-24 08:03:15,41.61,-81.45,43.0,48,1,6.42,clear sky,0.0,0.0
435,435,Mmabatho,ZA,2020-02-24 08:03:15,-25.85,25.63,71.6,56,40,10.29,scattered clouds,0.0,0.0
436,436,Sokolo,ML,2020-02-24 08:03:16,14.73,-6.12,87.53,9,42,21.45,scattered clouds,0.0,0.0
437,437,Assomada,CV,2020-02-24 08:03:16,15.1,-23.68,68.0,77,75,11.41,broken clouds,0.0,0.0
438,438,Uvira,CD,2020-02-24 08:03:16,-3.41,29.15,67.24,66,74,4.52,light rain,1.38,0.0
439,439,Deniliquin,AU,2020-02-24 08:03:16,-35.53,144.97,81.55,34,30,5.21,scattered clouds,0.0,0.0
440,440,Marsh Harbour,BS,2020-02-24 08:00:04,26.54,-77.06,67.69,61,0,14.03,clear sky,0.0,0.0
441,441,Balikpapan,ID,2020-02-24 08:03:17,-1.27,116.83,89.6,75,40,14.99,scattered clouds,0.0,0.0
442,442,Chumikan,RU,2020-02-24 08:03:17,54.72,135.31,7.16,85,49,6.02,scattered clouds,0.0,0.0
443,443,Medicine Hat,CA,2020-02-24 08:03:17,50.05,-110.67,30.2,100,90,8.05,light snow,0.0,0.0
444,444,Parabel,RU,2020-02-24 08:03:17,58.7,81.48,22.6,92,99,4.76,overcast clouds,0.0,0.0
445,445,Sherlovaya Gora,RU,2020-02-24 08:03:17,50.57,116.25,9.09,87,0,5.35,clear sky,0.0,0.0
446,446,Katangli,RU,2020-02-24 08:03:18,51.71,143.23,6.85,94,93,5.39,overcast clouds,0.0,0.0
447,447,Gewane,ET,2020-02-24 08:03:18,10.17,40.65,89.56,31,25,6.02,scattered clouds,0.0,0.0
448,448,Morehead,US,2020-02-24 08:03:18,37.27,-87.18,44.6,87,90,3.36,light rain,0.0,0.0
449,449,Maneadero,MX,2020-02-24 08:03:18,31.72,-116.57,57.99,86,13,1.99,few clouds,0.0,0.0
450,450,Xining,CN,2020-02-24 08:00:52,36.62,101.77,44.94,29,0,9.98,clear sky,0.0,0.0
451,451,Bara,NG,2020-02-24 08:03:19,10.37,10.73,79.95,17,0,14.61,clear sky,0.0,0.0
452,452,Padang,ID,2020-02-24 08:03:19,-0.95,100.35,84.24,59,55,2.42,broken clouds,0.0,0.0
453,453,Husavik,IS,2020-02-24 08:03:19,66.04,-17.34,26.92,83,100,15.75,overcast clouds,0.0,0.0
454,454,Maniitsoq,GL,2020-02-24 08:03:19,65.42,-52.9,10.42,73,46,9.31,scattered clouds,0.0,0.0
455,455,Yalvac,TR,2020-02-24 08:03:19,38.3,31.18,28.4,100,90,3.36,fog,0.0,0.0
456,456,Kavieng,PG,2020-02-24 08:03:20,-2.57,150.8,85.19,69,41,6.78,scattered clouds,0.0,0.0
457,457,Morgan City,US,2020-02-24 08:03:20,29.7,-91.21,57.2,93,75,3.36,broken clouds,0.0,0.0
458,458,Chapleau,CA,2020-02-24 08:03:20,47.84,-83.4,29.59,91,86,11.59,overcast clouds,0.0,0.0
459,459,San Ramon De La Nueva Oran,AR,2020-02-24 08:03:20,-23.13,-64.33,58.24,72,0,1.88,clear sky,0.0,0.0
460,460,Cabo San Lucas,MX,2020-02-24 08:03:06,22.89,-109.91,62.01,74,11,8.01,few clouds,0.0,0.0
461,461,Toora-Khem,RU,2020-02-24 08:03:21,52.47,96.11,20.84,82,100,1.61,overcast clouds,0.0,0.0
462,462,Richards Bay,ZA,2020-02-24 08:02:50,-28.78,32.04,71.87,70,100,12.03,light rain,0.56,0.0
463,463,Madimba,TZ,2020-02-24 08:03:21,-10.4,40.33,86.58,70,19,14.09,few clouds,0.0,0.0
464,464,Loiza,PR,2020-02-24 08:03:21,18.43,-65.88,75.2,83,75,5.3,broken clouds,0.0,0.0
465,465,Ayan,RU,2020-02-24 08:03:22,56.45,138.17,2.95,72,66,7.67,broken clouds,0.0,0.0
466,466,Catuday,PH,2020-02-24 08:03:22,16.29,119.81,79.59,79,55,16.49,broken clouds,0.0,0.0
467,467,Tagab,AF,2020-02-24 08:03:22,34.85,69.65,57.2,35,20,3.36,haze,0.0,0.0
468,468,Nouakchott,MR,2020-02-24 08:01:44,18.09,-15.98,73.4,56,96,20.8,overcast clouds,0.0,0.0
469,469,Kyren,RU,2020-02-24 08:03:22,51.68,102.14,11.08,92,100,2.8,light snow,0.0,0.19
470,470,Bereda,ES,2020-02-24 08:03:23,43.27,-7.54,48.0,100,90,4.7,fog,0.0,0.0
471,471,Mezen,RU,2020-02-24 08:03:23,65.85,44.24,31.42,94,100,14.12,light snow,0.0,0.69
472,472,Jasidih,IN,2020-02-24 08:03:23,24.52,86.65,80.51,38,84,6.13,broken clouds,0.0,0.0
473,473,Vostok,RU,2020-02-24 08:03:23,46.49,135.88,17.17,97,100,2.89,light snow,0.0,0.63
474,474,Elko,US,2020-02-24 08:03:24,41.0,-115.5,37.4,51,1,18.34,clear sky,0.0,0.0
475,475,Athabasca,CA,2020-02-24 08:03:24,54.72,-113.29,12.49,95,95,5.41,overcast clouds,0.0,0.0
476,476,Labytnangi,RU,2020-02-24 08:03:24,66.66,66.42,26.1,91,100,22.84,light snow,0.0,0.38
477,477,Zanjan,IR,2020-02-24 08:03:24,36.67,48.48,50.0,53,100,4.7,overcast clouds,0.0,0.0
478,478,Yenagoa,NG,2020-02-24 08:03:25,4.92,6.26,91.8,54,55,3.91,broken clouds,0.0,0.0
479,479,Portland,US,2020-02-24 08:02:48,45.52,-122.68,42.8,93,90,4.7,light rain,0.0,0.0
480,480,Fort-Shevchenko,KZ,2020-02-24 08:03:25,44.51,50.26,45.73,62,58,0.72,broken clouds,0.0,0.0
481,481,Eureka,US,2020-02-24 08:03:15,40.8,-124.16,44.6,93,1,2.42,clear sky,0.0,0.0
482,482,Bethune,FR,2020-02-24 08:03:26,50.53,2.63,50.0,100,90,12.75,overcast clouds,0.0,0.0
483,483,Russkiy Kameshkir,RU,2020-02-24 08:03:26,52.86,46.09,32.36,96,100,9.62,overcast clouds,0.0,0.0
484,484,Suining,CN,2020-02-24 08:03:26,30.51,105.57,67.23,38,82,1.57,broken clouds,0.0,0.0
485,485,Kibondo,TZ,2020-02-24 08:03:26,-3.59,30.72,79.11,70,98,1.7,light rain,1.69,0.0
486,486,Hit,IQ,2020-02-24 08:03:26,33.64,42.83,67.01,42,100,10.89,overcast clouds,0.0,0.0
487,487,Aksu,CN,2020-02-24 08:03:27,41.12,80.26,51.19,26,100,6.73,overcast clouds,0.0,0.0
488,488,Bairiki,KI,2020-02-24 08:03:27,1.33,172.98,86.0,79,40,8.05,scattered clouds,0.0,0.0
489,489,Abu Dhabi,AE,2020-02-24 08:02:40,24.47,54.37,82.4,51,93,3.36,overcast clouds,0.0,0.0
490,490,Coacoyul,MX,2020-02-24 08:03:27,17.81,-99.11,66.99,57,0,1.83,clear sky,0.0,0.0
491,491,Matara,LK,2020-02-24 08:03:27,5.95,80.54,92.05,50,100,11.34,overcast clouds,0.0,0.0
492,492,Galeana,MX,2020-02-24 08:03:28,24.83,-100.07,41.0,63,0,6.11,clear sky,0.0,0.0
493,493,La Sarre,CA,2020-02-24 08:03:28,48.8,-79.2,31.93,96,100,12.03,light snow,0.0,1.06
494,494,Niamtougou,TG,2020-02-24 08:03:28,9.77,1.11,78.8,24,39,6.93,scattered clouds,0.0,0.0
495,495,Berdigestyakh,RU,2020-02-24 08:00:17,62.1,126.7,0.72,96,100,4.99,overcast clouds,0.0,0.0
496,496,Barkly West,ZA,2020-02-24 08:03:28,-28.54,24.52,68.0,64,0,11.41,clear sky,0.0,0.0
497,497,Forestville,US,2020-02-24 08:03:28,38.85,-76.88,42.01,68,1,2.71,clear sky,0.0,0.0
498,498,Los Llanos De Aridane,ES,2020-02-24 08:03:29,28.66,-17.92,71.6,53,100,11.41,haze,0.0,0.0
499,499,Mopti,ML,2020-02-24 08:03:29,14.67,-4.0,89.4,9,37,26.73,scattered clouds,0.0,0.0
500,500,Evensk,RU,2020-02-24 08:03:29,61.95,159.23,-4.34,88,86,5.86,overcast clouds,0.0,0.0
501,501,Tahta,EG,2020-02-24 08:03:29,26.77,31.5,57.2,50,66,4.7,broken clouds,0.0,0.0
502,502,Miami,US,2020-02-24 08:00:01,25.77,-80.19,72.0,49,20,6.93,few clouds,0.0,0.0
503,503,Beringovskiy,RU,2020-02-24 08:03:30,63.05,179.32,-6.27,97,100,10.2,overcast clouds,0.0,0.0
504,504,Cape Coast,GH,2020-02-24 08:03:30,5.11,-1.25,81.99,88,84,6.62,broken clouds,0.0,0.0
505,505,Kidal,ML,2020-02-24 08:03:30,18.44,1.41,74.84,12,54,24.54,broken clouds,0.0,0.0
506,506,Rawson,AR,2020-02-24 08:03:31,-43.3,-65.1,63.43,68,100,12.86,overcast clouds,0.0,0.0
507,507,Hokitika,NZ,2020-02-24 08:03:31,-42.72,170.97,62.29,74,0,5.86,clear sky,0.0,0.0
508,508,Pueblo,US,2020-02-24 08:01:23,38.25,-104.61,34.0,80,1,9.17,clear sky,0.0,0.0
509,509,Santa,PH,2020-02-24 08:03:31,17.49,120.43,81.01,60,0,4.99,clear sky,0.0,0.0
510,510,Beloha,MG,2020-02-24 08:03:31,-25.17,45.05,78.37,78,100,4.65,light rain,1.88,0.0
511,511,San Patricio,MX,2020-02-24 08:03:32,19.22,-104.7,75.34,80,0,3.8,clear sky,0.0,0.0
512,512,Iralaya,HN,2020-02-24 08:03:32,15.0,-83.23,77.63,65,0,10.13,clear sky,0.0,0.0
513,513,Iquitos,PE,2020-02-24 08:03:32,-3.75,-73.25,77.0,94,40,2.24,scattered clouds,0.0,0.0
514,514,Campbell River,CA,2020-02-24 08:03:32,50.02,-125.24,41.0,80,90,3.36,light intensity shower rain,0.0,0.0
515,515,Guerrero Negro,MX,2020-02-24 08:03:32,27.98,-114.06,57.7,87,92,13.87,overcast clouds,0.0,0.0
516,516,Yushala,RU,2020-02-24 08:03:33,57.08,64.26,24.8,79,90,15.66,overcast clouds,0.0,0.0
517,517,Tura,IN,2020-02-24 08:03:33,25.52,90.22,87.17,25,41,4.65,scattered clouds,0.0,0.0
518,518,Zlobin,HR,2020-02-24 08:03:33,45.29,14.65,55.0,76,90,4.7,overcast clouds,0.0,0.0
519,519,San Isidro,PE,2020-02-24 08:03:33,-12.12,-77.05,75.2,83,75,8.05,broken clouds,0.0,0.0
520,520,Necocli,CO,2020-02-24 08:03:33,8.42,-76.79,79.18,77,99,12.8,overcast clouds,0.0,0.0
521,521,Codajas,BR,2020-02-24 08:00:50,-3.84,-62.06,73.47,98,100,2.24,overcast clouds,0.0,0.0
522,522,Palana,RU,2020-02-24 08:03:34,59.12,159.97,1.99,78,6,4.32,clear sky,0.0,0.0
523,523,San Miguel,SV,2020-02-24 08:03:34,13.48,-88.18,67.59,73,0,1.77,clear sky,0.0,0.0
524,524,Aliwal North,ZA,2020-02-24 08:03:34,-30.69,26.71,70.39,45,0,4.9,clear sky,0.0,0.0
525,525,Chlorakas,CY,2020-02-24 08:03:35,34.8,32.41,59.0,62,75,3.36,broken clouds,0.0,0.0
526,526,Solnechnyy,RU,2020-02-24 08:03:35,50.72,136.63,8.37,98,100,1.83,overcast clouds,0.0,0.0
527,527,Mildura,AU,2020-02-24 08:03:35,-34.2,142.15,93.0,24,0,5.82,clear sky,0.0,0.0
528,528,Abalak,RU,2020-02-24 08:03:35,58.13,68.59,25.65,90,93,11.59,overcast clouds,0.0,0.0
529,529,Lagos,NG,2020-02-24 08:02:08,6.58,3.75,82.4,94,20,11.41,few clouds,0.0,0.0
530,530,Kapoeta,SS,2020-02-24 08:03:36,4.77,33.59,98.94,12,32,17.74,scattered clouds,0.0,0.0
531,531,Kaura Namoda,NG,2020-02-24 08:03:36,12.59,6.58,79.21,11,38,23.89,scattered clouds,0.0,0.0
532,532,Pauini,BR,2020-02-24 08:03:36,-7.71,-66.98,72.3,99,100,1.36,light rain,1.88,0.0
533,533,Ballina,AU,2020-02-24 08:03:36,-28.87,153.57,69.8,100,100,6.93,light rain,0.56,0.0
534,534,Springdale,US,2020-02-24 08:03:36,36.19,-94.13,51.01,93,90,8.05,light rain,0.0,0.0
535,535,Cururupu,BR,2020-02-24 08:02:17,-1.83,-44.87,73.69,99,64,1.21,light rain,2.19,0.0
536,536,North Platte,US,2020-02-24 08:02:10,41.12,-100.77,30.0,79,1,3.31,clear sky,0.0,0.0
537,537,Nadym,RU,2020-02-24 08:03:37,65.53,72.52,27.91,80,29,24.81,scattered clouds,0.0,0.0
538,538,Fortuna Foothills,US,2020-02-24 08:03:37,32.66,-114.41,57.2,71,1,11.41,clear sky,0.0,0.0
539,539,Port Macquarie,AU,2020-02-24 08:01:04,-31.43,152.92,75.2,78,90,2.24,overcast clouds,0.0,0.0
540,540,Andenes,NO,2020-02-24 08:03:38,69.31,16.12,32.0,66,75,29.97,shower snow,0.0,0.0
541,541,Cabedelo,BR,2020-02-24 08:03:38,-6.98,-34.83,78.8,88,77,5.82,light rain,0.31,0.0
542,542,Sari,IR,2020-02-24 08:00:47,36.56,53.06,51.8,87,90,4.7,mist,0.0,0.0
543,543,Shihezi,CN,2020-02-24 08:03:38,44.3,86.03,30.6,99,100,1.57,light snow,0.0,0.56
544,544,Amazar,RU,2020-02-24 08:03:38,53.86,120.88,15.19,83,5,3.06,clear sky,0.0,0.0
545,545,Muravlenko,RU,2020-02-24 08:03:39,63.79,74.52,25.43,88,63,24.38,broken clouds,0.0,0.0
546,546,Khabary,RU,2020-02-24 08:03:39,53.63,79.53,21.11,92,98,2.98,overcast clouds,0.0,0.0
547,547,Santiago Del Estero,AR,2020-02-24 08:03:39,-27.8,-64.26,60.31,62,0,7.67,clear sky,0.0,0.0
548,548,Gondanglegi,ID,2020-02-24 08:03:39,-7.75,112.01,85.5,72,40,2.1,moderate rain,7.25,0.0
549,549,Bataipora,BR,2020-02-24 08:03:39,-22.3,-53.27,70.09,95,85,4.12,light rain,0.13,0.0
550,550,Itarema,BR,2020-02-24 08:03:40,-2.92,-39.92,74.35,98,83,3.13,light rain,0.13,0.0
551,551,Biharkeresztes,HU,2020-02-24 08:03:40,47.13,21.72,48.2,45,0,18.34,clear sky,0.0,0.0
552,552,Vao,NC,2020-02-24 08:03:40,-22.67,167.48,79.02,74,35,12.84,scattered clouds,0.0,0.0
553,553,Flin Flon,CA,2020-02-24 08:03:40,54.77,-101.86,16.25,95,100,6.46,light snow,0.0,0.38
554,554,Pokhara,NP,2020-02-24 08:01:58,28.23,83.98,77.52,25,0,5.59,clear sky,0.0,0.0
555,555,Izhma,RU,2020-02-24 08:03:41,65.01,53.91,28.53,88,100,14.99,light snow,0.0,0.13
556,556,Ucluelet,CA,2020-02-24 08:03:41,48.93,-125.55,43.0,74,60,8.99,broken clouds,0.0,0.0
557,557,Agua Verde,MX,2020-02-24 08:03:41,22.9,-106.05,71.01,93,40,1.19,scattered clouds,0.0,0.0
558,558,Gaoua,BF,2020-02-24 08:03:41,10.3,-3.25,91.02,8,0,14.92,clear sky,0.0,0.0
559,559,Tera,NE,2020-02-24 08:03:41,14.01,0.75,81.91,11,0,21.72,clear sky,0.0,0.0
560,560,Mehamn,NO,2020-02-24 08:03:42,71.04,27.85,32.0,96,75,3.36,broken clouds,0.0,0.0
561,561,Olinda,BR,2020-02-24 08:00:41,-8.01,-34.86,82.4,78,75,9.17,broken clouds,0.0,0.0
562,562,Hualmay,PE,2020-02-24 08:03:42,-11.1,-77.61,71.1,80,15,2.75,few clouds,0.0,0.0
563,563,Viedma,AR,2020-02-24 08:03:42,-40.81,-63.0,73.8,21,67,19.24,broken clouds,0.0,0.0
564,564,Sao Lourenco Do Sul,BR,2020-02-24 08:03:42,-31.37,-51.98,57.0,95,41,11.59,scattered clouds,0.0,0.0
565,565,Staroutkinsk,RU,2020-02-24 08:03:43,57.23,59.33,30.06,90,100,12.84,light snow,0.0,0.63
566,566,Reconquista,AR,2020-02-24 08:03:43,-29.15,-59.65,61.39,67,0,2.13,clear sky,0.0,0.0
567,567,Aleppo,SY,2020-02-24 08:03:43,36.25,37.5,60.33,53,33,13.06,scattered clouds,0.0,0.0
568,568,Puerto Escondido,MX,2020-02-24 08:03:43,15.85,-97.07,68.38,71,0,2.8,clear sky,0.0,0.0
569,569,Ossora,RU,2020-02-24 08:03:43,59.24,163.07,8.22,95,100,4.9,light snow,0.0,0.19
570,570,Lao Cai,VN,2020-02-24 08:03:44,22.48,103.95,74.23,56,48,5.3,scattered clouds,0.0,0.0
